{
  "ann_return": -0.03600363127809764,
  "ann_vol": 0.16042117583265017,
  "sharpe": -0.22443191237830276,
  "max_drawdown": 0.44226729998241854,
  "t_stat_mean": -0.5963103038608581,
  "num_days": 1780
}